Feature,Mean_Normalized_Delta,Wilcoxon_p_Holm,Rank_Biserial,Significant_Holm_0.05,Mean_Normalized_Delta_Linear,Wilcoxon_p_Linear_Holm,Rank_Biserial_Linear,Significant_Linear_Holm_0.05,Raw_rho_with_Words,Normalized_rho_with_Words,rho_DeltaNorm_vs_DeltaWords,p_Holm,Same_Direction,Stable_Across_Normalizations,Weak_Residual_Length_Association,Weak_Delta_Length_Association,Robust_Candidate_Flag
GCC,0.3335884788930518,0.2000325690687237,0.2633663366336634,False,0.40521709018832275,0.02734471344880095,0.3413861386138614,True,-0.7973026383087183,0.03292144068304234,0.10478953193637361,1.0,True,False,True,True,False
Communication_Efficiency,-0.008309454796256223,1.0,-0.09782178217821783,False,0.03042153527730061,1.0,-0.0700990099009901,False,-0.9505895258438628,0.0086097380092979,-0.06807267273712635,1.0,False,False,True,True,False
Mean_Edge_Weight,0.08211305598042086,1.0,-0.008316831683168317,False,0.049860447922728965,1.0,0.010297029702970298,False,-0.27680923110036376,-0.006680202058992382,-0.0451396442640844,1.0,True,False,True,True,False
Max_PageRank,-0.0481816726302319,1.0,-0.03762376237623762,False,0.055785365204531534,1.0,0.05306930693069307,False,-0.9663515305223213,-0.039985148331535346,0.08196456485404234,1.0,False,False,True,True,False
PageRank_Concentration,-0.11326923474627718,1.0,-0.08118811881188119,False,-0.14956470105942954,1.0,-0.11762376237623762,False,0.38306804789851867,-0.02199040563201166,0.10355883276439098,1.0,True,False,True,True,False
Mean_Betweenness,0.16278202217938437,1.0,0.05702970297029703,False,0.2371553523524944,1.0,0.12,False,-0.8021326365049762,0.04762223811384144,-0.0029296643703781338,1.0,True,False,True,True,False
Max_Betweenness,-0.21556301801227762,1.0,-0.1714851485148515,False,-0.15785770196690913,1.0,-0.12831683168316832,False,-0.28117953321236777,-0.0009621415853519234,-0.1178109295170092,1.0,True,False,True,True,False
Max_GCCDC,-0.4715548647754697,0.008923723381174023,-0.38574257425742575,True,-0.48882293249517617,0.004100171621565804,-0.4099009900990099,True,-0.5533482821376741,0.010698379996734795,-0.13427828477919615,1.0,True,True,True,True,True
Mean_Structural_Influence,-0.15025911797496871,1.0,-0.1310891089108911,False,0.06427369867488238,1.0,0.0796039603960396,False,-0.9941988395211879,-8.180451909113241e-05,0.09311890173962137,1.0,False,False,True,True,False
Max_Structural_Influence,-0.5382866776717331,0.008923723381174023,-0.38376237623762377,True,-0.49293826452070844,0.009407609792736306,-0.380990099009901,True,-0.4753600564371693,-0.016026180740110474,-0.08643110233674997,1.0,True,True,True,True,True
QAS_Mean,-0.3651298070811949,3.83645223695269e-06,-0.5904950495049505,True,-0.34347653708131,1.8662434322852513e-06,-0.6059405940594059,True,-0.5652849874234032,0.019214305484139195,0.28023920657633455,0.061661147799429314,True,True,True,False,False
QAS_Median,-0.36874674342498825,2.040150642770939e-05,-0.5512871287128713,True,-0.3430455005782529,4.734619531652475e-05,-0.5314851485148515,True,-0.571734785928625,0.041188200112297596,0.24529935691321827,0.16678953210992623,True,True,True,False,False
QAS_Std,-0.1392457760717303,1.0,-0.1497029702970297,False,-0.14620471845398994,1.0,-0.1596039603960396,False,-0.17923895482989716,-0.013788189217819125,0.22512789731389346,0.2675681408591024,True,False,True,False,False
