Feature,Mean_Normalized_Delta,Rank_Biserial,Wilcoxon_p_Holm,Significant_Holm_0.05,Mean_Delta_Linear,Rank_Biserial_Linear,Wilcoxon_p_Linear,Wilcoxon_p_Linear_Holm,Significant_Linear_Holm_0.05,Normalized_rho_with_Words,rho_DeltaNorm_vs_DeltaWords,Same_Direction_All_K,Significant_All_K,Primary_Signal_Stable_Direction,Same_Direction_Spline_Linear,Weak_Residual_Length_Association,Weak_Paired_Length_Association,Conservative_Hypergraph_Candidate
Overlap_Pair_Fraction,-0.4320505896822764,-0.4071287128712871,0.004492356611121205,True,-0.41885431701114934,-0.4079207920792079,0.00039789718288930177,0.004376869011782319,True,0.07490147465765258,-0.06415844902916211,True,False,True,True,True,True,True
Hyperdegree_Gini,-0.4302536143692586,-0.33900990099009903,0.03248321221764568,True,-0.4600838238973224,-0.3611881188118812,0.0017141393943961346,0.017141393943961344,True,0.006410021995939101,-0.013003387348850483,True,False,True,True,True,True,True
Hyperdegree_Concentration,-0.26063347336471127,-0.26534653465346536,0.18771737634334573,False,-0.2572303031861879,-0.2748514851485149,0.017023608713243633,0.13618886970594907,False,0.05842718913544725,-0.029266626650806152,True,False,False,True,True,True,False
Mean_Overlap_Jaccard,0.3634721228783,0.26613861386138615,0.18771737634334573,False,0.44116707681900325,0.356039603960396,0.0019944733546155913,0.01795026019154032,True,0.026921191782734045,0.08121413852966268,False,False,False,True,True,True,False
Hypergraph_Spectral_Entropy,-0.30669396527251647,-0.26455445544554457,0.18771737634334573,False,-0.32682450854125283,-0.2736633663366337,0.01750703830017993,0.13618886970594907,False,-0.0012563372931977583,-0.10805538730007383,True,False,False,True,True,True,False
Max_Hyperedge_Weight,0.284975327570566,0.2012121212121212,0.35444550446379575,False,0.2779504107157204,0.1898989898989899,0.10091450461925752,0.4036580184770301,False,0.0765525475733751,0.06685998379692884,True,False,False,True,True,True,False
Max_Hyperdegree,-0.27107633046481416,-0.21742574257425742,0.35444550446379575,False,-0.2866977024459938,-0.24396039603960396,0.03417438138857468,0.2050462883314481,False,-0.07223339035746992,-0.05367649413022724,True,False,False,True,True,True,False
Hypergraph_Lambda2,-0.183842193618334,-0.2095049504950495,0.35444550446379575,False,-0.20750983853926946,-0.23722772277227722,0.0394409506326527,0.2050462883314481,False,0.11295177736012488,0.11850732514603352,True,False,False,True,True,True,False
Mean_Hyperedge_Weight,0.14777331169888655,0.06970297029702971,1.0,False,0.12699181367920084,0.07287128712871287,0.5269610710548687,1.0,False,-0.004132253964364909,-0.0012427059931726919,True,False,False,True,True,True,False
Mean_Hyperdegree,0.09921071535331347,0.019405940594059406,1.0,False,0.05228043168085431,0.007920792079207921,0.9451754865571346,1.0,False,-0.004047447444573185,-0.031061646418722264,True,False,False,True,True,True,False
TwoSection_Density,0.11872032807515956,0.08242424242424243,1.0,False,0.1852666271465556,0.16080808080808082,0.16479160174272767,0.494374805228183,False,0.01740866734699016,-0.049233970289899745,True,False,False,True,True,True,False
